-- MySQL dump 10.13  Distrib 8.0.33, for Win64 (x86_64)
--
-- Host: localhost    Database: product_inventory
-- ------------------------------------------------------
-- Server version	8.0.33

/*!40101 SET @OLD_CHARACTER_SET_CLIENT=@@CHARACTER_SET_CLIENT */;
/*!40101 SET @OLD_CHARACTER_SET_RESULTS=@@CHARACTER_SET_RESULTS */;
/*!40101 SET @OLD_COLLATION_CONNECTION=@@COLLATION_CONNECTION */;
/*!50503 SET NAMES utf8mb4 */;
/*!40103 SET @OLD_TIME_ZONE=@@TIME_ZONE */;
/*!40103 SET TIME_ZONE='+00:00' */;
/*!40014 SET @OLD_UNIQUE_CHECKS=@@UNIQUE_CHECKS, UNIQUE_CHECKS=0 */;
/*!40014 SET @OLD_FOREIGN_KEY_CHECKS=@@FOREIGN_KEY_CHECKS, FOREIGN_KEY_CHECKS=0 */;
/*!40101 SET @OLD_SQL_MODE=@@SQL_MODE, SQL_MODE='NO_AUTO_VALUE_ON_ZERO' */;
/*!40111 SET @OLD_SQL_NOTES=@@SQL_NOTES, SQL_NOTES=0 */;

--
-- Table structure for table `email_config`
--

DROP TABLE IF EXISTS `email_config`;
/*!40101 SET @saved_cs_client     = @@character_set_client */;
/*!50503 SET character_set_client = utf8mb4 */;
CREATE TABLE `email_config` (
  `id` varchar(36) NOT NULL,
  `status` tinyint NOT NULL DEFAULT '1',
  `created_by_id` varchar(255) NOT NULL,
  `created_on` datetime NOT NULL,
  `updated_by_id` varchar(255) DEFAULT NULL,
  `updated_on` datetime DEFAULT NULL,
  `email_id` varchar(255) NOT NULL,
  `password` mediumtext NOT NULL,
  `mailer_name` varchar(255) DEFAULT 'ProductInventory',
  `host` varchar(255) DEFAULT 'smtp.gmail.com',
  PRIMARY KEY (`id`),
  KEY `IDX_05c4f54800190776ada2ab421e` (`id`)
) ENGINE=InnoDB DEFAULT CHARSET=utf8mb4 COLLATE=utf8mb4_0900_ai_ci;
/*!40101 SET character_set_client = @saved_cs_client */;

--
-- Dumping data for table `email_config`
--

LOCK TABLES `email_config` WRITE;
/*!40000 ALTER TABLE `email_config` DISABLE KEYS */;
/*!40000 ALTER TABLE `email_config` ENABLE KEYS */;
UNLOCK TABLES;

--
-- Table structure for table `error_log`
--

DROP TABLE IF EXISTS `error_log`;
/*!40101 SET @saved_cs_client     = @@character_set_client */;
/*!50503 SET character_set_client = utf8mb4 */;
CREATE TABLE `error_log` (
  `id` varchar(36) NOT NULL,
  `status` tinyint NOT NULL DEFAULT '1',
  `created_by_id` varchar(255) NOT NULL,
  `created_on` datetime NOT NULL,
  `updated_by_id` varchar(255) DEFAULT NULL,
  `updated_on` datetime DEFAULT NULL,
  `url` varchar(255) NOT NULL,
  `ipaddress` varchar(255) NOT NULL,
  `message` mediumtext NOT NULL,
  `created_by_name` varchar(255) DEFAULT NULL,
  PRIMARY KEY (`id`),
  KEY `IDX_0284e7aa7afe77ea1ce1621c25` (`id`)
) ENGINE=InnoDB DEFAULT CHARSET=utf8mb4 COLLATE=utf8mb4_0900_ai_ci;
/*!40101 SET character_set_client = @saved_cs_client */;

--
-- Dumping data for table `error_log`
--

LOCK TABLES `error_log` WRITE;
/*!40000 ALTER TABLE `error_log` DISABLE KEYS */;
INSERT INTO `error_log` VALUES ('0122037f-732f-4905-88fd-580bcb17ce2f',1,'00000000-0000-0000-0000-00000000000','2025-03-20 22:15:00',NULL,NULL,'/api/v1/State/List','::1','ENOENT: no such file or directory, stat \'D:\\Gokul\\Projects\\AltiusNxt-Task\\BackEnd\\dist\\client\\index.html\'','No User'),('01df3f2a-c2dd-4aa7-ad9a-7c173c676350',1,'00000000-0000-0000-0000-00000000000','2025-03-20 22:26:48',NULL,NULL,'/api/v1/Inward/List','::1','ENOENT: no such file or directory, stat \'D:\\Gokul\\Projects\\AltiusNxt-Task\\BackEnd\\dist\\client\\index.html\'','No User'),('05a09348-b373-49fc-891b-a79237041d70',1,'00000000-0000-0000-0000-00000000000','2025-03-20 17:00:31',NULL,NULL,'/api/v1/User/ById/58bbf2eb-4d64-4edb-b392-0617426849fa/58bbf2eb-4d64-4edb-b392-0617426849fa','::1','ENOENT: no such file or directory, stat \'D:\\Gokul\\Projects\\AltiusNxt-Task\\BackEnd\\dist\\client\\index.html\'','No User'),('087b9c65-6d06-44f8-94e6-9abfa48db09c',1,'e5dc800f-3d26-4b6c-8918-aadf16799578','2025-03-20 19:37:03',NULL,NULL,'/api/v1/ProductCategory/List','::1','Property \"product_category\" was not found in \"product_category\". Make sure your query is correct.','admin@user.com'),('0898d37a-afe7-4570-892f-ed4becc8c9b7',1,'00000000-0000-0000-0000-00000000000','2025-03-20 22:12:04',NULL,NULL,'/api/v1/State/List','::1','ENOENT: no such file or directory, stat \'D:\\Gokul\\Projects\\AltiusNxt-Task\\BackEnd\\dist\\client\\index.html\'','No User'),('09bc9a21-259e-48ab-8037-fbb69590e21a',1,'00000000-0000-0000-0000-00000000000','2025-03-20 22:25:27',NULL,NULL,'/api/v1/Inward/List','::1','ENOENT: no such file or directory, stat \'D:\\Gokul\\Projects\\AltiusNxt-Task\\BackEnd\\dist\\client\\index.html\'','No User'),('0bbe74fb-c52d-4011-bf5d-84a7ee2f749c',1,'00000000-0000-0000-0000-00000000000','2025-03-20 22:14:59',NULL,NULL,'/api/v1/State/List','::1','ENOENT: no such file or directory, stat \'D:\\Gokul\\Projects\\AltiusNxt-Task\\BackEnd\\dist\\client\\index.html\'','No User'),('0c589da5-6602-47b0-8c7c-c098a6906477',1,'e5dc800f-3d26-4b6c-8918-aadf16799578','2025-03-20 23:39:01',NULL,NULL,'/api/v1/Product/Delete/8441a8ea-3f8c-400b-ba26-f2dcd49d7fee','::1','Cannot delete or update a parent row: a foreign key constraint fails (`product_inventory`.`stock_entry`, CONSTRAINT `FK_676feac31767bd257e146d3adb5` FOREIGN KEY (`product_id`) REFERENCES `product` (`id`) ON DELETE RESTRICT)','admin@user.com'),('0d37d904-d7a1-4b11-ae10-28778ca72e28',1,'e5dc800f-3d26-4b6c-8918-aadf16799578','2025-03-20 23:46:18',NULL,NULL,'/api/v1/ProductCategory/Delete/d1872f02-d481-49d9-81ee-27019f6f7f6c','::1','Cannot delete or update a parent row: a foreign key constraint fails (`product_inventory`.`product`, CONSTRAINT `FK_c385a97195418da0bd3a08ceced` FOREIGN KEY (`product_category_id`) REFERENCES `product_category` (`id`) ON DELETE RESTRICT)','admin@user.com'),('0d9fae37-2a87-47fa-a55d-14814b3eb6af',1,'e5dc800f-3d26-4b6c-8918-aadf16799578','2025-03-21 11:59:01',NULL,NULL,'/api/v1/StockEntry/Insert','::1','Insufficient stock available','admin@user.com'),('0de16b31-da74-4454-822c-79c7d97bb5d8',1,'00000000-0000-0000-0000-00000000000','2025-03-20 22:12:06',NULL,NULL,'/api/v1/State/List','::1','ENOENT: no such file or directory, stat \'D:\\Gokul\\Projects\\AltiusNxt-Task\\BackEnd\\dist\\client\\index.html\'','No User'),('0e6f36b8-9ba5-45ee-9e26-5d8089f3f7ab',1,'e5dc800f-3d26-4b6c-8918-aadf16799578','2025-03-20 19:36:41',NULL,NULL,'/api/v1/ProductCategory/List','::1','Property \"product_category\" was not found in \"product_category\". Make sure your query is correct.','admin@user.com'),('0ea3fa0e-4916-4933-9057-8175ae0e89b6',1,'00000000-0000-0000-0000-00000000000','2025-03-20 23:43:59',NULL,NULL,'/api/v1/User/SuspendOrActivate/58bbf2eb-4d64-4edb-b392-0617426849fa','::1','Cannot DELETE /api/v1/User/SuspendOrActivate/58bbf2eb-4d64-4edb-b392-0617426849fa','No User'),('0f39720d-65da-4c1d-ae46-eb043d3a11bb',1,'e5dc800f-3d26-4b6c-8918-aadf16799578','2025-03-21 11:26:03',NULL,NULL,'/api/v1/Product/Delete/4b37d718-1a55-45c9-a74a-c510d5ed086f','::1','Product not found','admin@user.com'),('1029683d-bedf-4ea2-abb2-b456c5762733',1,'00000000-0000-0000-0000-00000000000','2025-03-20 22:12:05',NULL,NULL,'/api/v1/State/List','::1','ENOENT: no such file or directory, stat \'D:\\Gokul\\Projects\\AltiusNxt-Task\\BackEnd\\dist\\client\\index.html\'','No User'),('10b8d9cb-76ce-4db0-adc2-6371ca363e79',1,'e5dc800f-3d26-4b6c-8918-aadf16799578','2025-03-19 22:36:14',NULL,NULL,'/api/v1/Product/ById/fea9ec5b-498b-4a28-af17-b153515e93d7','::1','Product not found','admin@user.com'),('10c991c1-55dc-419c-bd81-ba3b76286bf4',1,'e5dc800f-3d26-4b6c-8918-aadf16799578','2025-03-21 13:46:35',NULL,NULL,'/api/v1/Dashboard/low-stock-products','::1','Property \"product_catagory\" was not found in \"product\". Make sure your query is correct.','admin@user.com'),('11a98812-db44-405c-9df0-8339d0b28d88',1,'00000000-0000-0000-0000-00000000000','2025-03-20 16:39:24',NULL,NULL,'/api/UserRoleList','::1','ENOENT: no such file or directory, stat \'D:\\Gokul\\Projects\\AltiusNxt-Task\\BackEnd\\dist\\client\\index.html\'','No User'),('120047b7-c5cf-42dc-8007-bd75afe15ed9',1,'e5dc800f-3d26-4b6c-8918-aadf16799578','2025-03-20 17:32:27',NULL,NULL,'/api/v1/User/Update/58bbf2eb-4d64-4edb-b392-0617426849fa','::1','User role required\nFirst name required\nPassword required','admin@user.com'),('154c2513-03de-4710-9a1d-f6e829c89fe3',1,'00000000-0000-0000-0000-00000000000','2025-03-20 22:13:04',NULL,NULL,'/api/v1/State/List','::1','ENOENT: no such file or directory, stat \'D:\\Gokul\\Projects\\AltiusNxt-Task\\BackEnd\\dist\\client\\index.html\'','No User'),('1dae12dc-562b-41e4-aa02-89af98ae7221',1,'e5dc800f-3d26-4b6c-8918-aadf16799578','2025-03-20 23:36:15',NULL,NULL,'/api/v1/UserRole/Delete/8441a8ea-3f8c-400b-ba26-f2dcd49d7fee','::1','Not found','admin@user.com'),('1f464944-440b-4e4d-a697-e3221f46fc8b',1,'e5dc800f-3d26-4b6c-8918-aadf16799578','2025-03-19 22:28:11',NULL,NULL,'/api/v1/ProductCategory/Update/272d6928-6b28-4965-ab82-8cabe1940908','::1','Product Category not found','admin@user.com'),('1ffba9b2-9384-492c-86fb-9ffa18757ea1',1,'e5dc800f-3d26-4b6c-8918-aadf16799578','2025-03-20 17:13:51',NULL,NULL,'/api/v1/UserRole/Insert','::1','Duplicate record','admin@user.com'),('213c7949-17fa-43b2-aac1-14effbaadb1e',1,'e5dc800f-3d26-4b6c-8918-aadf16799578','2025-03-20 18:57:22',NULL,NULL,'/api/v1/Product/Update/c5fe8797-f894-4ba6-bbdd-aa9d395367e7','::1','Product name is required\nStock quantity must be a number\nMinimum quantity must be a number','admin@user.com'),('224c7de9-002b-4508-a3a0-89fe210e9bba',1,'00000000-0000-0000-0000-00000000000','2025-03-20 16:40:18',NULL,NULL,'/api/UserList','::1','ENOENT: no such file or directory, stat \'D:\\Gokul\\Projects\\AltiusNxt-Task\\BackEnd\\dist\\client\\index.html\'','No User'),('22704141-d64b-448e-b336-e5c68861538c',1,'00000000-0000-0000-0000-00000000000','2025-03-20 16:34:05',NULL,NULL,'/api/UserRoleList','::1','ENOENT: no such file or directory, stat \'D:\\Gokul\\Projects\\AltiusNxt-Task\\BackEnd\\dist\\client\\index.html\'','No User'),('22a76337-22b5-4b19-9a7b-b45984bca69c',1,'00000000-0000-0000-0000-00000000000','2025-03-21 13:45:42',NULL,NULL,'/api/v1/Dashboard/low-stock-products','::1','Unauthorized','No User'),('247e9b6d-b6dd-447d-ab0a-992df96e742e',1,'e5dc800f-3d26-4b6c-8918-aadf16799578','2025-03-20 19:36:10',NULL,NULL,'/api/v1/ProductCategory/List','::1','Property \"product_category\" was not found in \"product_category\". Make sure your query is correct.','admin@user.com'),('24c32e73-8db5-4b16-8086-33a3f01f4f60',1,'00000000-0000-0000-0000-00000000000','2025-03-20 21:53:36',NULL,NULL,'/api/v1/Inward/List','::1','ENOENT: no such file or directory, stat \'D:\\Gokul\\Projects\\AltiusNxt-Task\\BackEnd\\dist\\client\\index.html\'','No User'),('26ec2354-cdde-4a07-a987-95a96e49873f',1,'00000000-0000-0000-0000-00000000000','2025-03-20 16:33:52',NULL,NULL,'/api/UserList','::1','ENOENT: no such file or directory, stat \'D:\\Gokul\\Projects\\AltiusNxt-Task\\BackEnd\\dist\\client\\index.html\'','No User'),('2823cea1-f2fe-4426-a9f9-ff48ba9ebfb7',1,'00000000-0000-0000-0000-00000000000','2025-03-20 16:21:42',NULL,NULL,'/api/UserList','::1','ENOENT: no such file or directory, stat \'D:\\Gokul\\Projects\\AltiusNxt-Task\\BackEnd\\dist\\client\\index.html\'','No User'),('2cf0c929-9c94-403e-930d-da8a91ee6d5a',1,'00000000-0000-0000-0000-00000000000','2025-03-20 22:08:06',NULL,NULL,'/api/v1/Inward/List','::1','ENOENT: no such file or directory, stat \'D:\\Gokul\\Projects\\AltiusNxt-Task\\BackEnd\\dist\\client\\index.html\'','No User'),('2d246a18-11e8-4d32-b266-72ccbeea9750',1,'e5dc800f-3d26-4b6c-8918-aadf16799578','2025-03-20 17:29:37',NULL,NULL,'/api/v1/User/Update/58bbf2eb-4d64-4edb-b392-0617426849fa','::1','User role required\nFirst name required\nPassword required','admin@user.com'),('2ede7798-44af-469a-99a8-8d8ce1cd152a',1,'e5dc800f-3d26-4b6c-8918-aadf16799578','2025-03-20 23:54:07',NULL,NULL,'/api/v1/ProductCategory/Insert','::1','Duplicate record','admin@user.com'),('3205a581-6188-4c24-a776-e58f21a2c3a2',1,'00000000-0000-0000-0000-00000000000','2025-03-20 16:21:19',NULL,NULL,'/api/UserList','::1','ENOENT: no such file or directory, stat \'D:\\Gokul\\Projects\\AltiusNxt-Task\\BackEnd\\dist\\client\\index.html\'','No User'),('34499c5d-2580-45c2-9232-935e97553e98',1,'00000000-0000-0000-0000-00000000000','2025-03-20 21:41:07',NULL,NULL,'/api/v1/Auth/Login','::1','Invalid email id','No User'),('35d91e5b-1484-44e6-99c9-02f2e427cb43',1,'e5dc800f-3d26-4b6c-8918-aadf16799578','2025-03-21 11:25:51',NULL,NULL,'/api/v1/ProductCategory/Delete/1559ecbc-d728-443d-abc4-f9ba8fca25bf','::1','Cannot delete or update a parent row: a foreign key constraint fails (`product_inventory`.`product`, CONSTRAINT `FK_c385a97195418da0bd3a08ceced` FOREIGN KEY (`product_category_id`) REFERENCES `product_category` (`id`) ON DELETE RESTRICT)','admin@user.com'),('3714a217-deb9-4a04-84fd-85502f4ee91c',1,'00000000-0000-0000-0000-00000000000','2025-03-20 22:13:06',NULL,NULL,'/api/v1/State/List','::1','ENOENT: no such file or directory, stat \'D:\\Gokul\\Projects\\AltiusNxt-Task\\BackEnd\\dist\\client\\index.html\'','No User'),('382b582b-0e2d-4be9-af44-fea51d000a7c',1,'00000000-0000-0000-0000-00000000000','2025-03-20 22:20:39',NULL,NULL,'/api/v1/State/List','::1','ENOENT: no such file or directory, stat \'D:\\Gokul\\Projects\\AltiusNxt-Task\\BackEnd\\dist\\client\\index.html\'','No User'),('388edf97-5df9-4242-aece-796ada27bf75',1,'00000000-0000-0000-0000-00000000000','2025-03-20 22:20:34',NULL,NULL,'/api/v1/State/List','::1','ENOENT: no such file or directory, stat \'D:\\Gokul\\Projects\\AltiusNxt-Task\\BackEnd\\dist\\client\\index.html\'','No User'),('3bae1d38-50f0-48a4-9e7a-3b2e18f1d8f6',1,'00000000-0000-0000-0000-00000000000','2025-03-20 22:14:59',NULL,NULL,'/api/v1/State/List','::1','ENOENT: no such file or directory, stat \'D:\\Gokul\\Projects\\AltiusNxt-Task\\BackEnd\\dist\\client\\index.html\'','No User'),('3c81d4bc-b6fa-4dc7-879f-77b32fad5b49',1,'00000000-0000-0000-0000-00000000000','2025-03-20 22:05:15',NULL,NULL,'/api/v1/Inward/List','::1','ENOENT: no such file or directory, stat \'D:\\Gokul\\Projects\\AltiusNxt-Task\\BackEnd\\dist\\client\\index.html\'','No User'),('3d417159-50a2-4153-a88a-dfc753254bb1',1,'e5dc800f-3d26-4b6c-8918-aadf16799578','2025-03-20 23:36:08',NULL,NULL,'/api/v1/UserRole/Delete/8441a8ea-3f8c-400b-ba26-f2dcd49d7fee','::1','Not found','admin@user.com'),('3d63e26a-fdb8-422b-a71d-b8c7d7d118f5',1,'00000000-0000-0000-0000-00000000000','2025-03-20 22:30:16',NULL,NULL,'/api/v1/Inward/List','::1','ENOENT: no such file or directory, stat \'D:\\Gokul\\Projects\\AltiusNxt-Task\\BackEnd\\dist\\client\\index.html\'','No User'),('3e21142d-26a3-436b-ba4f-6d664936c713',1,'00000000-0000-0000-0000-00000000000','2025-03-20 21:56:10',NULL,NULL,'/api/v1/Inward/List','::1','ENOENT: no such file or directory, stat \'D:\\Gokul\\Projects\\AltiusNxt-Task\\BackEnd\\dist\\client\\index.html\'','No User'),('3e7b9c55-ac3f-488a-90e9-56b16f3b09f0',1,'00000000-0000-0000-0000-00000000000','2025-03-20 16:33:58',NULL,NULL,'/api/UserList','::1','ENOENT: no such file or directory, stat \'D:\\Gokul\\Projects\\AltiusNxt-Task\\BackEnd\\dist\\client\\index.html\'','No User'),('4096a8da-b36c-4542-864e-372f65285c22',1,'00000000-0000-0000-0000-00000000000','2025-03-20 22:12:04',NULL,NULL,'/api/v1/State/List','::1','ENOENT: no such file or directory, stat \'D:\\Gokul\\Projects\\AltiusNxt-Task\\BackEnd\\dist\\client\\index.html\'','No User'),('41057800-bf31-4800-9d3d-c907a1c4c50d',1,'00000000-0000-0000-0000-00000000000','2025-03-20 22:15:00',NULL,NULL,'/api/v1/State/List','::1','ENOENT: no such file or directory, stat \'D:\\Gokul\\Projects\\AltiusNxt-Task\\BackEnd\\dist\\client\\index.html\'','No User'),('418c3238-435c-4110-9975-863131e16a91',1,'e5dc800f-3d26-4b6c-8918-aadf16799578','2025-03-20 23:33:27',NULL,NULL,'/api/v1/UserRole/Delete/8441a8ea-3f8c-400b-ba26-f2dcd49d7fee','::1','Not found','admin@user.com'),('41eab077-b8c5-4152-b182-64cc46c7d543',1,'00000000-0000-0000-0000-00000000000','2025-03-19 22:20:38',NULL,NULL,'/api/v1/Auth/Login','::1','Invalid email id','No User'),('4311cedd-05b1-4e0b-a211-379d9acbeda1',1,'e5dc800f-3d26-4b6c-8918-aadf16799578','2025-03-20 19:03:27',NULL,NULL,'/api/v1/Product/Delete/c5fe8797-f894-4ba6-bbdd-aa9d395367e7','::1','Product not found','admin@user.com'),('46ef1088-9719-4294-bfac-4f25a41ca920',1,'00000000-0000-0000-0000-00000000000','2025-03-20 16:57:19',NULL,NULL,'/api/v1/User/ById/NaN/NaN','::1','ENOENT: no such file or directory, stat \'D:\\Gokul\\Projects\\AltiusNxt-Task\\BackEnd\\dist\\client\\index.html\'','No User'),('47492d3a-452f-4454-a604-5e487449d590',1,'00000000-0000-0000-0000-00000000000','2025-03-20 22:12:00',NULL,NULL,'/api/v1/Inward/List','::1','ENOENT: no such file or directory, stat \'D:\\Gokul\\Projects\\AltiusNxt-Task\\BackEnd\\dist\\client\\index.html\'','No User'),('4838d143-7aae-401b-bc1e-738f858ddd1b',1,'00000000-0000-0000-0000-00000000000','2025-03-21 00:03:30',NULL,NULL,'/api//v1/ProductCategory/ById/1559ecbc-d728-443d-abc4-f9ba8fca25bf','::1','ENOENT: no such file or directory, stat \'D:\\Gokul\\Projects\\AltiusNxt-Task\\BackEnd\\dist\\client\\index.html\'','No User'),('48eeb630-2eb2-4d1f-b65e-b74a6f46357d',1,'e5dc800f-3d26-4b6c-8918-aadf16799578','2025-03-19 22:29:21',NULL,NULL,'/api/v1/ProductCategory/Update/272d6928-6b28-4965-ab82-8cabe1940908','::1','Product Category not found','admin@user.com'),('4c2ff111-843e-489b-819f-7317541cb3f4',1,'00000000-0000-0000-0000-00000000000','2025-03-20 22:12:06',NULL,NULL,'/api/v1/State/List','::1','ENOENT: no such file or directory, stat \'D:\\Gokul\\Projects\\AltiusNxt-Task\\BackEnd\\dist\\client\\index.html\'','No User'),('4ced9c1d-f833-455e-b09b-d01fe47ee6b2',1,'e5dc800f-3d26-4b6c-8918-aadf16799578','2025-03-20 23:40:43',NULL,NULL,'/api/v1/UserRole/Delete/8441a8ea-3f8c-400b-ba26-f2dcd49d7fee','::1','Not found','admin@user.com'),('4e7dd98f-c9c0-4819-8b86-6c3afee74d5f',1,'e5dc800f-3d26-4b6c-8918-aadf16799578','2025-03-20 17:43:04',NULL,NULL,'/api/v1/UserRole/Delete/ff902f6a-9511-437d-a445-56974fc9d049','::1','Cannot delete or update a parent row: a foreign key constraint fails (`product_inventory`.`user`, CONSTRAINT `FK_078f27c5e6a46cb1ab1b9fd463b` FOREIGN KEY (`user_role_id`) REFERENCES `user_role` (`id`) ON DELETE RESTRICT)','admin@user.com'),('4e7dff7b-caed-4576-9a93-cf2c68effe5d',1,'00000000-0000-0000-0000-00000000000','2025-03-20 22:21:11',NULL,NULL,'/api/v1/Inward/List','::1','ENOENT: no such file or directory, stat \'D:\\Gokul\\Projects\\AltiusNxt-Task\\BackEnd\\dist\\client\\index.html\'','No User'),('4f2c9fdc-4edd-417e-9814-7a46705f9fbf',1,'00000000-0000-0000-0000-00000000000','2025-03-20 23:57:53',NULL,NULL,'/api//v1/ProductCategory/ById/1559ecbc-d728-443d-abc4-f9ba8fca25bf','::1','ENOENT: no such file or directory, stat \'D:\\Gokul\\Projects\\AltiusNxt-Task\\BackEnd\\dist\\client\\index.html\'','No User'),('510002ad-dd02-49a6-a891-e4e42ffabe84',1,'00000000-0000-0000-0000-00000000000','2025-03-20 16:57:03',NULL,NULL,'/api/v1/User/ById/NaN/NaN','::1','ENOENT: no such file or directory, stat \'D:\\Gokul\\Projects\\AltiusNxt-Task\\BackEnd\\dist\\client\\index.html\'','No User'),('510ec8ad-337b-4e0c-b6a5-39176086ca2f',1,'e5dc800f-3d26-4b6c-8918-aadf16799578','2025-03-20 23:38:11',NULL,NULL,'/api/v1/UserRole/Delete/8441a8ea-3f8c-400b-ba26-f2dcd49d7fee','::1','Not found','admin@user.com'),('565378e1-937e-4508-884a-02ade8a6e4ec',1,'00000000-0000-0000-0000-00000000000','2025-03-20 22:13:05',NULL,NULL,'/api/v1/State/List','::1','ENOENT: no such file or directory, stat \'D:\\Gokul\\Projects\\AltiusNxt-Task\\BackEnd\\dist\\client\\index.html\'','No User'),('57e7c3bd-53b9-4797-85cc-a3b1cb8d8e59',1,'00000000-0000-0000-0000-00000000000','2025-03-20 16:42:50',NULL,NULL,'/api/v1/User/List','::1','Unauthorized','No User'),('580ff58e-d00f-4578-b9c5-ee640302fdd0',1,'00000000-0000-0000-0000-00000000000','2025-03-20 23:10:39',NULL,NULL,'/api/v1/StockEntry/List','::1','ENOENT: no such file or directory, stat \'D:\\Gokul\\Projects\\AltiusNxt-Task\\BackEnd\\dist\\client\\index.html\'','No User'),('586f617e-5765-4d83-b543-62e2056518d8',1,'e5dc800f-3d26-4b6c-8918-aadf16799578','2025-03-20 17:29:50',NULL,NULL,'/api/v1/User/Update/58bbf2eb-4d64-4edb-b392-0617426849fa','::1','User role required\nFirst name required\nPassword required','admin@user.com'),('599901fd-8375-48e0-9b62-ceddf9ab30f9',1,'00000000-0000-0000-0000-00000000000','2025-03-20 22:12:04',NULL,NULL,'/api/v1/State/List','::1','ENOENT: no such file or directory, stat \'D:\\Gokul\\Projects\\AltiusNxt-Task\\BackEnd\\dist\\client\\index.html\'','No User'),('5bf43503-0519-4a22-9731-c165f2429bf2',1,'e5dc800f-3d26-4b6c-8918-aadf16799578','2025-03-20 19:37:27',NULL,NULL,'/api/v1/ProductCategory/List','::1','Property \"product_category\" was not found in \"product_category\". Make sure your query is correct.','admin@user.com'),('5cf78a11-cf03-4ba5-94f0-643951a1e66f',1,'e5dc800f-3d26-4b6c-8918-aadf16799578','2025-03-20 23:24:20',NULL,NULL,'/api/v1/UserRole/Delete/ff902f6a-9511-437d-a445-56974fc9d049','::1','Cannot delete or update a parent row: a foreign key constraint fails (`product_inventory`.`user`, CONSTRAINT `FK_078f27c5e6a46cb1ab1b9fd463b` FOREIGN KEY (`user_role_id`) REFERENCES `user_role` (`id`) ON DELETE RESTRICT)','admin@user.com'),('5fffabb0-c61b-4fa6-830c-b1adba800b83',1,'e5dc800f-3d26-4b6c-8918-aadf16799578','2025-03-21 00:25:21',NULL,NULL,'/api/v1/StockEntry/Insert','::1','productExists.stock_quantity.toFixed is not a function','admin@user.com'),('60a554d5-738a-4277-a621-75b60abf586b',1,'00000000-0000-0000-0000-00000000000','2025-03-21 13:45:45',NULL,NULL,'/api/v1/Dashboard/low-stock-products','::1','Unauthorized','No User'),('617d4a3a-8232-4baa-bbf7-4e04ad0d7aa2',1,'00000000-0000-0000-0000-00000000000','2025-03-20 21:53:23',NULL,NULL,'/api/v1/Inward/List','::1','ENOENT: no such file or directory, stat \'D:\\Gokul\\Projects\\AltiusNxt-Task\\BackEnd\\dist\\client\\index.html\'','No User'),('6289fbd0-5bbc-483b-9000-c6d61ec892db',1,'00000000-0000-0000-0000-00000000000','2025-03-20 16:21:02',NULL,NULL,'/api/UserList','::1','ENOENT: no such file or directory, stat \'D:\\Gokul\\Projects\\AltiusNxt-Task\\BackEnd\\dist\\client\\index.html\'','No User'),('62a64c37-bdd5-437d-a818-e31e94af0097',1,'e5dc800f-3d26-4b6c-8918-aadf16799578','2025-03-20 19:01:40',NULL,NULL,'/api/v1/Product/Delete/c5fe8797-f894-4ba6-bbdd-aa9d395367e7','::1','Cannot delete or update a parent row: a foreign key constraint fails (`product_inventory`.`stock_entry`, CONSTRAINT `FK_676feac31767bd257e146d3adb5` FOREIGN KEY (`product_id`) REFERENCES `product` (`id`) ON DELETE RESTRICT)','admin@user.com'),('63db6b42-2c0a-4d04-af3d-a994549ffbea',1,'00000000-0000-0000-0000-00000000000','2025-03-20 22:20:36',NULL,NULL,'/api/v1/State/List','::1','ENOENT: no such file or directory, stat \'D:\\Gokul\\Projects\\AltiusNxt-Task\\BackEnd\\dist\\client\\index.html\'','No User'),('645bd04b-9434-4926-ab6f-4726eda02f07',1,'00000000-0000-0000-0000-00000000000','2025-03-20 16:33:42',NULL,NULL,'/api/UserList','::1','ENOENT: no such file or directory, stat \'D:\\Gokul\\Projects\\AltiusNxt-Task\\BackEnd\\dist\\client\\index.html\'','No User'),('65c9af59-4310-4d6a-8c69-e775d511872d',1,'00000000-0000-0000-0000-00000000000','2025-03-20 21:41:13',NULL,NULL,'/api/v1/Auth/Login','::1','Invalid email id','No User'),('67af488e-af72-4192-b140-eb7c0b8ec5e1',1,'00000000-0000-0000-0000-00000000000','2025-03-20 16:34:19',NULL,NULL,'/api/UserList','::1','ENOENT: no such file or directory, stat \'D:\\Gokul\\Projects\\AltiusNxt-Task\\BackEnd\\dist\\client\\index.html\'','No User'),('6a3e72e4-6f74-440b-910e-ddbabf9737f0',1,'00000000-0000-0000-0000-00000000000','2025-03-20 21:56:54',NULL,NULL,'/api/v1/Inward/List','::1','ENOENT: no such file or directory, stat \'D:\\Gokul\\Projects\\AltiusNxt-Task\\BackEnd\\dist\\client\\index.html\'','No User'),('6a7d9d7d-011a-456c-ab85-b73632275449',1,'e5dc800f-3d26-4b6c-8918-aadf16799578','2025-03-21 00:18:49',NULL,NULL,'/api/v1/Product/Insert','::1','Stock quantity must be a number','admin@user.com'),('6c5fa921-08ad-4fb2-b38c-c50fcd2ee209',1,'00000000-0000-0000-0000-00000000000','2025-03-20 22:23:33',NULL,NULL,'/api/v1/Inward/List','::1','ENOENT: no such file or directory, stat \'D:\\Gokul\\Projects\\AltiusNxt-Task\\BackEnd\\dist\\client\\index.html\'','No User'),('6da85de3-9fa2-4d81-88ca-1db182ad94a7',1,'00000000-0000-0000-0000-00000000000','2025-03-20 16:44:16',NULL,NULL,'/api/v1/User/List','::1','Unauthorized','No User'),('6fc1b167-9f7b-4849-a62c-fa186e64a58b',1,'00000000-0000-0000-0000-00000000000','2025-03-20 16:43:02',NULL,NULL,'/api/v1/User/List','::1','Unauthorized','No User'),('7213b69a-8716-4f42-9f2c-8460979acc87',1,'00000000-0000-0000-0000-00000000000','2025-03-20 16:34:01',NULL,NULL,'/api/UserList','::1','ENOENT: no such file or directory, stat \'D:\\Gokul\\Projects\\AltiusNxt-Task\\BackEnd\\dist\\client\\index.html\'','No User'),('7354a770-cfcc-481c-9bc5-ceaeb2d2126e',1,'00000000-0000-0000-0000-00000000000','2025-03-20 22:23:44',NULL,NULL,'/api/v1/Inward/List','::1','ENOENT: no such file or directory, stat \'D:\\Gokul\\Projects\\AltiusNxt-Task\\BackEnd\\dist\\client\\index.html\'','No User'),('73e051d4-5b1f-499d-98c2-797c9b5943e6',1,'e5dc800f-3d26-4b6c-8918-aadf16799578','2025-03-20 19:37:09',NULL,NULL,'/api/v1/ProductCategory/List','::1','Property \"product_category\" was not found in \"product_category\". Make sure your query is correct.','admin@user.com'),('74a5da9c-0557-48f7-82d6-23f49c944dfa',1,'00000000-0000-0000-0000-00000000000','2025-03-20 16:34:55',NULL,NULL,'/api/UserList','::1','ENOENT: no such file or directory, stat \'D:\\Gokul\\Projects\\AltiusNxt-Task\\BackEnd\\dist\\client\\index.html\'','No User'),('76152cc0-0f40-4498-842d-85b369a4bc1b',1,'e5dc800f-3d26-4b6c-8918-aadf16799578','2025-03-19 22:34:03',NULL,NULL,'/api/v1/ProductCategory/ById/272d6928-6b28-4965-ab82-8cabe1940908','::1','Product Category not found','admin@user.com'),('77a7ea73-9498-42f6-b9bb-ac485b18f57b',1,'00000000-0000-0000-0000-00000000000','2025-03-20 22:22:06',NULL,NULL,'/api/v1/State/List','::1','ENOENT: no such file or directory, stat \'D:\\Gokul\\Projects\\AltiusNxt-Task\\BackEnd\\dist\\client\\index.html\'','No User'),('77ecfdba-cb8c-421d-8173-1c850dc3f2fd',1,'00000000-0000-0000-0000-00000000000','2025-03-20 22:14:56',NULL,NULL,'/api/v1/Inward/List','::1','ENOENT: no such file or directory, stat \'D:\\Gokul\\Projects\\AltiusNxt-Task\\BackEnd\\dist\\client\\index.html\'','No User'),('79c8ef46-7473-4ef4-b5bd-569b19dce88f',1,'00000000-0000-0000-0000-00000000000','2025-03-20 22:12:06',NULL,NULL,'/api/v1/State/List','::1','ENOENT: no such file or directory, stat \'D:\\Gokul\\Projects\\AltiusNxt-Task\\BackEnd\\dist\\client\\index.html\'','No User'),('7a855f17-25cb-4c76-9180-81eb97c10efc',1,'00000000-0000-0000-0000-00000000000','2025-03-20 22:12:05',NULL,NULL,'/api/v1/State/List','::1','ENOENT: no such file or directory, stat \'D:\\Gokul\\Projects\\AltiusNxt-Task\\BackEnd\\dist\\client\\index.html\'','No User'),('7aed6929-4b7b-4d18-b4f7-d70ff1f6221d',1,'00000000-0000-0000-0000-00000000000','2025-03-20 16:47:10',NULL,NULL,'/api/v1/User/List','::1','Unauthorized','No User'),('7b0b3d2d-3fe9-4c6c-bb20-1e9e0f1e5dec',1,'e5dc800f-3d26-4b6c-8918-aadf16799578','2025-03-20 23:37:27',NULL,NULL,'/api/v1/UserRole/Delete/8441a8ea-3f8c-400b-ba26-f2dcd49d7fee','::1','Not found','admin@user.com'),('7b5767ed-39f0-4519-b2eb-5992c23752ce',1,'00000000-0000-0000-0000-00000000000','2025-03-20 16:34:05',NULL,NULL,'/api/UserRoleList','::1','ENOENT: no such file or directory, stat \'D:\\Gokul\\Projects\\AltiusNxt-Task\\BackEnd\\dist\\client\\index.html\'','No User'),('7d0b0b1d-7f7a-453d-ac8e-e4145c4116af',1,'00000000-0000-0000-0000-00000000000','2025-03-20 22:28:02',NULL,NULL,'/api/v1/Inward/List','::1','ENOENT: no such file or directory, stat \'D:\\Gokul\\Projects\\AltiusNxt-Task\\BackEnd\\dist\\client\\index.html\'','No User'),('7d8ec6ab-cd90-4b45-aacd-d0b3f59fb7cf',1,'00000000-0000-0000-0000-00000000000','2025-03-21 13:45:05',NULL,NULL,'/api/v1/Dashboard/low-stock-products','::1','Unauthorized','No User'),('7fef13ce-80a5-49eb-bcb2-363c1845c1f3',1,'00000000-0000-0000-0000-00000000000','2025-03-20 21:40:48',NULL,NULL,'/api/v1/Auth/Login','::1','Invalid email id','No User'),('7ffaa867-20b2-41f0-abb1-70466bc5f803',1,'00000000-0000-0000-0000-00000000000','2025-03-20 16:59:15',NULL,NULL,'/api/v1/User/ById/58bbf2eb-4d64-4edb-b392-0617426849fa/58bbf2eb-4d64-4edb-b392-0617426849fa','::1','ENOENT: no such file or directory, stat \'D:\\Gokul\\Projects\\AltiusNxt-Task\\BackEnd\\dist\\client\\index.html\'','No User'),('8010ad90-ae17-4b5f-a989-3743b36868b7',1,'00000000-0000-0000-0000-00000000000','2025-03-20 16:21:42',NULL,NULL,'/api/UserList','::1','ENOENT: no such file or directory, stat \'D:\\Gokul\\Projects\\AltiusNxt-Task\\BackEnd\\dist\\client\\index.html\'','No User'),('835e2b3e-e13b-4ddf-b70a-c45f301e1dcd',1,'e5dc800f-3d26-4b6c-8918-aadf16799578','2025-03-20 19:00:59',NULL,NULL,'/api/v1/Product/Delete/c5fe8797-f894-4ba6-bbdd-aa9d395367e7','::1','Cannot delete or update a parent row: a foreign key constraint fails (`product_inventory`.`stock_entry`, CONSTRAINT `FK_676feac31767bd257e146d3adb5` FOREIGN KEY (`product_id`) REFERENCES `product` (`id`) ON DELETE RESTRICT)','admin@user.com'),('84c0c441-da1b-4ded-bee3-12f72ddcf2de',1,'00000000-0000-0000-0000-00000000000','2025-03-20 22:40:55',NULL,NULL,'/api/v1/Inward/List','::1','ENOENT: no such file or directory, stat \'D:\\Gokul\\Projects\\AltiusNxt-Task\\BackEnd\\dist\\client\\index.html\'','No User'),('89cf1cf5-b9dd-4347-bef9-70d240054237',1,'00000000-0000-0000-0000-00000000000','2025-03-20 17:00:46',NULL,NULL,'/api/v1/User/ById/58bbf2eb-4d64-4edb-b392-0617426849fa/58bbf2eb-4d64-4edb-b392-0617426849fa','::1','ENOENT: no such file or directory, stat \'D:\\Gokul\\Projects\\AltiusNxt-Task\\BackEnd\\dist\\client\\index.html\'','No User'),('8a07ab25-8794-4bf3-adb5-c185fd42e1ec',1,'00000000-0000-0000-0000-00000000000','2025-03-20 16:34:01',NULL,NULL,'/api/UserList','::1','ENOENT: no such file or directory, stat \'D:\\Gokul\\Projects\\AltiusNxt-Task\\BackEnd\\dist\\client\\index.html\'','No User'),('8adcf5fa-389f-4155-8e4c-313b29e6cdfa',1,'00000000-0000-0000-0000-00000000000','2025-03-20 16:56:09',NULL,NULL,'/api/v1/User/ById/%7BId%7D/NaN','::1','ENOENT: no such file or directory, stat \'D:\\Gokul\\Projects\\AltiusNxt-Task\\BackEnd\\dist\\client\\index.html\'','No User'),('8bac3519-8f64-440f-9484-e27f9a887a2e',1,'e5dc800f-3d26-4b6c-8918-aadf16799578','2025-03-20 17:33:55',NULL,NULL,'/api/v1/User/Update/58bbf2eb-4d64-4edb-b392-0617426849fa','::1','User role required\nPassword required','admin@user.com'),('8bb9050a-3eb9-4e05-a1d0-4eefcfd92375',1,'00000000-0000-0000-0000-00000000000','2025-03-21 11:25:44',NULL,NULL,'/api/v1/Auth/ClearAllCache','::1','ERR wrong number of arguments for \'del\' command','No User'),('8e93d160-f555-4b50-8b8f-3da00f049cce',1,'00000000-0000-0000-0000-00000000000','2025-03-20 22:20:35',NULL,NULL,'/api/v1/State/List','::1','ENOENT: no such file or directory, stat \'D:\\Gokul\\Projects\\AltiusNxt-Task\\BackEnd\\dist\\client\\index.html\'','No User'),('8fb3cd82-a3f5-4e7c-a5d2-05eb807cdbe3',1,'e5dc800f-3d26-4b6c-8918-aadf16799578','2025-03-20 23:42:03',NULL,NULL,'/api/v1/UserRole/Delete/ff902f6a-9511-437d-a445-56974fc9d049','::1','Cannot delete or update a parent row: a foreign key constraint fails (`product_inventory`.`user`, CONSTRAINT `FK_078f27c5e6a46cb1ab1b9fd463b` FOREIGN KEY (`user_role_id`) REFERENCES `user_role` (`id`) ON DELETE RESTRICT)','admin@user.com'),('906888bb-3698-40c2-b28d-0203e5289721',1,'00000000-0000-0000-0000-00000000000','2025-03-20 22:56:44',NULL,NULL,'/api//v1/StockEntry/ById/411a8d43-1278-4b9a-b9e1-e54a830120f5','::1','ENOENT: no such file or directory, stat \'D:\\Gokul\\Projects\\AltiusNxt-Task\\BackEnd\\dist\\client\\index.html\'','No User'),('90837cef-eed1-4e66-8cdc-9d56d557b64c',1,'00000000-0000-0000-0000-00000000000','2025-03-20 22:30:08',NULL,NULL,'/api/v1/Inward/List','::1','ENOENT: no such file or directory, stat \'D:\\Gokul\\Projects\\AltiusNxt-Task\\BackEnd\\dist\\client\\index.html\'','No User'),('90d0316d-a0ab-4368-93ef-075482e39fc2',1,'00000000-0000-0000-0000-00000000000','2025-03-20 16:34:19',NULL,NULL,'/api/UserList','::1','ENOENT: no such file or directory, stat \'D:\\Gokul\\Projects\\AltiusNxt-Task\\BackEnd\\dist\\client\\index.html\'','No User'),('92f7a97e-001c-4c66-a0e7-70d17a752857',1,'e5dc800f-3d26-4b6c-8918-aadf16799578','2025-03-20 19:36:06',NULL,NULL,'/api/v1/ProductCategory/List','::1','Property \"product_category\" was not found in \"product_category\". Make sure your query is correct.','admin@user.com'),('92fcaa1e-394b-4b67-8ec3-c1fd91549d05',1,'00000000-0000-0000-0000-00000000000','2025-03-20 22:13:06',NULL,NULL,'/api/v1/State/List','::1','ENOENT: no such file or directory, stat \'D:\\Gokul\\Projects\\AltiusNxt-Task\\BackEnd\\dist\\client\\index.html\'','No User'),('930a1a47-0f14-42bb-88ed-8f18afb2fc71',1,'00000000-0000-0000-0000-00000000000','2025-03-20 22:14:59',NULL,NULL,'/api/v1/State/List','::1','ENOENT: no such file or directory, stat \'D:\\Gokul\\Projects\\AltiusNxt-Task\\BackEnd\\dist\\client\\index.html\'','No User'),('937949cc-2410-42b3-88a8-ec98a18f330f',1,'00000000-0000-0000-0000-00000000000','2025-03-20 16:55:48',NULL,NULL,'/api/v1/User/ById/%7BId%7D/NaN','::1','ENOENT: no such file or directory, stat \'D:\\Gokul\\Projects\\AltiusNxt-Task\\BackEnd\\dist\\client\\index.html\'','No User'),('94ac91bd-9af1-4bfa-aee2-095507bd480d',1,'00000000-0000-0000-0000-00000000000','2025-03-20 16:33:52',NULL,NULL,'/api/UserList','::1','ENOENT: no such file or directory, stat \'D:\\Gokul\\Projects\\AltiusNxt-Task\\BackEnd\\dist\\client\\index.html\'','No User'),('95395049-9e7f-45ac-bdf7-98b586e2be76',1,'00000000-0000-0000-0000-00000000000','2025-03-20 22:14:59',NULL,NULL,'/api/v1/State/List','::1','ENOENT: no such file or directory, stat \'D:\\Gokul\\Projects\\AltiusNxt-Task\\BackEnd\\dist\\client\\index.html\'','No User'),('9639c344-dfa5-4be5-b558-670954146586',1,'00000000-0000-0000-0000-00000000000','2025-03-20 16:22:12',NULL,NULL,'/api/UserList','::1','ENOENT: no such file or directory, stat \'D:\\Gokul\\Projects\\AltiusNxt-Task\\BackEnd\\dist\\client\\index.html\'','No User'),('98558d7d-f0d8-4395-ba57-d4c8d81f55e5',1,'00000000-0000-0000-0000-00000000000','2025-03-20 22:12:03',NULL,NULL,'/api/v1/State/List','::1','ENOENT: no such file or directory, stat \'D:\\Gokul\\Projects\\AltiusNxt-Task\\BackEnd\\dist\\client\\index.html\'','No User'),('988a74bd-c2d5-42e3-94d9-58509bfad5d1',1,'00000000-0000-0000-0000-00000000000','2025-03-20 22:23:16',NULL,NULL,'/api/v1/State/List','::1','ENOENT: no such file or directory, stat \'D:\\Gokul\\Projects\\AltiusNxt-Task\\BackEnd\\dist\\client\\index.html\'','No User'),('988f4787-1072-4aea-8a74-17712b57f499',1,'00000000-0000-0000-0000-00000000000','2025-03-20 18:57:18',NULL,NULL,'/api/v1/Product/Update/c5fe8797-f894-4ba6-bbdd-aa9d395367e7','::1','Expected double-quoted property name in JSON at position 68','No User'),('9d272ee6-3e0b-444f-a7b7-b6d58c330765',1,'00000000-0000-0000-0000-00000000000','2025-03-20 16:33:49',NULL,NULL,'/api/UserList','::1','ENOENT: no such file or directory, stat \'D:\\Gokul\\Projects\\AltiusNxt-Task\\BackEnd\\dist\\client\\index.html\'','No User'),('9dba5533-2b25-4022-8f12-fdb495b51360',1,'e5dc800f-3d26-4b6c-8918-aadf16799578','2025-03-21 11:26:05',NULL,NULL,'/api/v1/Product/Delete/c064fb5c-1fd4-410a-bc5d-94c1efd45347','::1','Product not found','admin@user.com'),('9e55b858-26f6-4d67-b2dc-722d4cadff5e',1,'00000000-0000-0000-0000-00000000000','2025-03-20 22:13:05',NULL,NULL,'/api/v1/State/List','::1','ENOENT: no such file or directory, stat \'D:\\Gokul\\Projects\\AltiusNxt-Task\\BackEnd\\dist\\client\\index.html\'','No User'),('a112b074-0e0a-4bc6-bf9c-c51288a2a5b4',1,'00000000-0000-0000-0000-00000000000','2025-03-20 16:22:01',NULL,NULL,'/api/UserList','::1','ENOENT: no such file or directory, stat \'D:\\Gokul\\Projects\\AltiusNxt-Task\\BackEnd\\dist\\client\\index.html\'','No User'),('a1b0cd3c-e7b4-44ca-bbea-e417469f5056',1,'e5dc800f-3d26-4b6c-8918-aadf16799578','2025-03-19 22:31:10',NULL,NULL,'/api/v1/ProductCategory/Insert','::1','Duplicate record','admin@user.com'),('a41ed262-a7a5-45bd-983b-5fd91338d07e',1,'00000000-0000-0000-0000-00000000000','2025-03-20 23:45:38',NULL,NULL,'/api/v1/User/ProductCategory/923ff35e-da1f-42ca-a96f-556b51eae72a','::1','Cannot DELETE /api/v1/User/ProductCategory/923ff35e-da1f-42ca-a96f-556b51eae72a','No User'),('a63ceb07-fe5e-4d27-bd90-d61e8d5d53bc',1,'00000000-0000-0000-0000-00000000000','2025-03-20 22:20:30',NULL,NULL,'/api/v1/Inward/List','::1','ENOENT: no such file or directory, stat \'D:\\Gokul\\Projects\\AltiusNxt-Task\\BackEnd\\dist\\client\\index.html\'','No User'),('a8ecfc06-d366-40e2-bcc3-15987bd43a75',1,'00000000-0000-0000-0000-00000000000','2025-03-20 16:43:30',NULL,NULL,'/api/v1/User/List','::1','Unauthorized','No User'),('a9ada53e-716a-4499-8c14-8fb10b95c1aa',1,'00000000-0000-0000-0000-00000000000','2025-03-20 22:20:38',NULL,NULL,'/api/v1/State/List','::1','ENOENT: no such file or directory, stat \'D:\\Gokul\\Projects\\AltiusNxt-Task\\BackEnd\\dist\\client\\index.html\'','No User'),('aba8b73a-f063-489c-8a7a-b9025c34c0af',1,'00000000-0000-0000-0000-00000000000','2025-03-20 22:14:58',NULL,NULL,'/api/v1/State/List','::1','ENOENT: no such file or directory, stat \'D:\\Gokul\\Projects\\AltiusNxt-Task\\BackEnd\\dist\\client\\index.html\'','No User'),('acd0bd37-896b-4a14-bdac-213b74a86a91',1,'00000000-0000-0000-0000-00000000000','2025-03-20 16:22:12',NULL,NULL,'/api/UserList','::1','ENOENT: no such file or directory, stat \'D:\\Gokul\\Projects\\AltiusNxt-Task\\BackEnd\\dist\\client\\index.html\'','No User'),('ae7d1362-e425-4f92-b9d4-ee3ae7f26952',1,'00000000-0000-0000-0000-00000000000','2025-03-20 16:39:17',NULL,NULL,'/api/UserList','::1','ENOENT: no such file or directory, stat \'D:\\Gokul\\Projects\\AltiusNxt-Task\\BackEnd\\dist\\client\\index.html\'','No User'),('b05fa1b8-498c-4479-994f-05dd64934fc7',1,'00000000-0000-0000-0000-00000000000','2025-03-20 16:21:52',NULL,NULL,'/api/UserList','::1','ENOENT: no such file or directory, stat \'D:\\Gokul\\Projects\\AltiusNxt-Task\\BackEnd\\dist\\client\\index.html\'','No User'),('b0ebcf27-4b36-49d6-9a26-ae6e933702d9',1,'00000000-0000-0000-0000-00000000000','2025-03-21 01:17:00',NULL,NULL,'/api/v1/Auth/ClearAllCache','::1','ERR wrong number of arguments for \'del\' command','No User'),('b20b5cc2-cfe8-4712-ada0-da2530be4c46',1,'00000000-0000-0000-0000-00000000000','2025-03-20 21:42:00',NULL,NULL,'/api/v1/Auth/Login','::1','Invalid email id','No User'),('b4640076-036d-4e77-b307-0f08b084553e',1,'00000000-0000-0000-0000-00000000000','2025-03-20 16:58:44',NULL,NULL,'/api/v1/User/ById/NaN/NaN','::1','ENOENT: no such file or directory, stat \'D:\\Gokul\\Projects\\AltiusNxt-Task\\BackEnd\\dist\\client\\index.html\'','No User'),('b4b25aa6-3cc4-4579-a0b8-cf3f2e6893ae',1,'00000000-0000-0000-0000-00000000000','2025-03-20 22:48:00',NULL,NULL,'/api//v1/StockEntry/ById/411a8d43-1278-4b9a-b9e1-e54a830120f5','::1','ENOENT: no such file or directory, stat \'D:\\Gokul\\Projects\\AltiusNxt-Task\\BackEnd\\dist\\client\\index.html\'','No User'),('b538af76-bc6c-4e43-8ef8-f61ba48d4e9c',1,'00000000-0000-0000-0000-00000000000','2025-03-20 16:22:01',NULL,NULL,'/api/UserList','::1','ENOENT: no such file or directory, stat \'D:\\Gokul\\Projects\\AltiusNxt-Task\\BackEnd\\dist\\client\\index.html\'','No User'),('b53c041d-7767-4bd4-b0ab-b870407f509d',1,'e5dc800f-3d26-4b6c-8918-aadf16799578','2025-03-20 23:41:22',NULL,NULL,'/api/v1/Product/Delete/8441a8ea-3f8c-400b-ba26-f2dcd49d7fee','::1','Cannot delete or update a parent row: a foreign key constraint fails (`product_inventory`.`stock_entry`, CONSTRAINT `FK_676feac31767bd257e146d3adb5` FOREIGN KEY (`product_id`) REFERENCES `product` (`id`) ON DELETE RESTRICT)','admin@user.com'),('b5524fed-fd35-48cb-86bc-5c781b70b846',1,'e5dc800f-3d26-4b6c-8918-aadf16799578','2025-03-21 00:18:47',NULL,NULL,'/api/v1/Product/Insert','::1','Stock quantity must be a number','admin@user.com'),('b73076d5-3c66-4359-ac53-79b76265db92',1,'e5dc800f-3d26-4b6c-8918-aadf16799578','2025-03-21 00:25:03',NULL,NULL,'/api/v1/StockEntry/Insert','::1','productExists.stock_quantity.toFixed is not a function','admin@user.com'),('b8bd83d9-a903-4a91-9278-5983823e2e49',1,'00000000-0000-0000-0000-00000000000','2025-03-20 22:00:17',NULL,NULL,'/api/v1/Inward/List','::1','ENOENT: no such file or directory, stat \'D:\\Gokul\\Projects\\AltiusNxt-Task\\BackEnd\\dist\\client\\index.html\'','No User'),('bafb19c3-134e-4ab1-bc08-24d35563b88a',1,'e5dc800f-3d26-4b6c-8918-aadf16799578','2025-03-20 23:41:50',NULL,NULL,'/api/v1/Product/Delete/8441a8ea-3f8c-400b-ba26-f2dcd49d7fee','::1','Cannot delete or update a parent row: a foreign key constraint fails (`product_inventory`.`stock_entry`, CONSTRAINT `FK_676feac31767bd257e146d3adb5` FOREIGN KEY (`product_id`) REFERENCES `product` (`id`) ON DELETE RESTRICT)','admin@user.com'),('bafc507f-ac9c-4b63-944b-58c6ceb55196',1,'00000000-0000-0000-0000-00000000000','2025-03-20 22:09:22',NULL,NULL,'/api/v1/Inward/List','::1','ENOENT: no such file or directory, stat \'D:\\Gokul\\Projects\\AltiusNxt-Task\\BackEnd\\dist\\client\\index.html\'','No User'),('bb1d5ccf-e2c8-4cd3-a470-1937751cc9bf',1,'00000000-0000-0000-0000-00000000000','2025-03-20 22:13:01',NULL,NULL,'/api/v1/Inward/List','::1','ENOENT: no such file or directory, stat \'D:\\Gokul\\Projects\\AltiusNxt-Task\\BackEnd\\dist\\client\\index.html\'','No User'),('bb3408d3-bb4c-4332-9cd0-bf51ae1e8c99',1,'00000000-0000-0000-0000-00000000000','2025-03-20 22:20:36',NULL,NULL,'/api/v1/State/List','::1','ENOENT: no such file or directory, stat \'D:\\Gokul\\Projects\\AltiusNxt-Task\\BackEnd\\dist\\client\\index.html\'','No User'),('bdc312fc-8f14-4bdc-b6f4-3339527be12a',1,'00000000-0000-0000-0000-00000000000','2025-03-20 22:20:39',NULL,NULL,'/api/v1/State/List','::1','ENOENT: no such file or directory, stat \'D:\\Gokul\\Projects\\AltiusNxt-Task\\BackEnd\\dist\\client\\index.html\'','No User'),('be453d6b-9bce-4a3f-bc2a-befcb33cd575',1,'00000000-0000-0000-0000-00000000000','2025-03-20 16:55:07',NULL,NULL,'/api/v1/User/ById/%7BId%7D/NaN','::1','ENOENT: no such file or directory, stat \'D:\\Gokul\\Projects\\AltiusNxt-Task\\BackEnd\\dist\\client\\index.html\'','No User'),('bed8b138-8297-4a9b-af9b-b30aeecc235b',1,'00000000-0000-0000-0000-00000000000','2025-03-20 22:39:12',NULL,NULL,'/api/v1/Inward/List','::1','ENOENT: no such file or directory, stat \'D:\\Gokul\\Projects\\AltiusNxt-Task\\BackEnd\\dist\\client\\index.html\'','No User'),('c003bbea-c635-4dcd-b49a-fc73bf213bf7',1,'00000000-0000-0000-0000-00000000000','2025-03-20 16:54:18',NULL,NULL,'/api/v1/User/ById/%7BId%7D/NaN','::1','ENOENT: no such file or directory, stat \'D:\\Gokul\\Projects\\AltiusNxt-Task\\BackEnd\\dist\\client\\index.html\'','No User'),('c13237e1-f53e-4a05-a23c-113a1d2d8d76',1,'00000000-0000-0000-0000-00000000000','2025-03-20 22:20:38',NULL,NULL,'/api/v1/State/List','::1','ENOENT: no such file or directory, stat \'D:\\Gokul\\Projects\\AltiusNxt-Task\\BackEnd\\dist\\client\\index.html\'','No User'),('c36cf72a-11e9-48f2-a47f-5ea87af36f4d',1,'e5dc800f-3d26-4b6c-8918-aadf16799578','2025-03-20 19:01:29',NULL,NULL,'/api/v1/Product/Delete/c5fe8797-f894-4ba6-bbdd-aa9d395367e7','::1','Cannot delete or update a parent row: a foreign key constraint fails (`product_inventory`.`stock_entry`, CONSTRAINT `FK_676feac31767bd257e146d3adb5` FOREIGN KEY (`product_id`) REFERENCES `product` (`id`) ON DELETE RESTRICT)','admin@user.com'),('c43a7e00-4fc4-42d6-8375-b6af5d382754',1,'00000000-0000-0000-0000-00000000000','2025-03-20 22:09:12',NULL,NULL,'/api/v1/Inward/List','::1','ENOENT: no such file or directory, stat \'D:\\Gokul\\Projects\\AltiusNxt-Task\\BackEnd\\dist\\client\\index.html\'','No User'),('c58e7999-0bea-4835-b3b7-cf96501d42ec',1,'00000000-0000-0000-0000-00000000000','2025-03-20 22:14:55',NULL,NULL,'/api/v1/Inward/List','::1','ENOENT: no such file or directory, stat \'D:\\Gokul\\Projects\\AltiusNxt-Task\\BackEnd\\dist\\client\\index.html\'','No User'),('c58f5d84-3899-4e4d-8749-78b62e871a37',1,'00000000-0000-0000-0000-00000000000','2025-03-20 22:15:00',NULL,NULL,'/api/v1/State/List','::1','ENOENT: no such file or directory, stat \'D:\\Gokul\\Projects\\AltiusNxt-Task\\BackEnd\\dist\\client\\index.html\'','No User'),('c6ba0e01-0e00-43eb-9f10-c5f82da28175',1,'00000000-0000-0000-0000-00000000000','2025-03-21 12:20:03',NULL,NULL,'/api/v1/Dashboard/category-wise-stock','::1','DataList is not iterable','No User'),('c748bcf4-6805-4a2a-9875-2aaef65c03a1',1,'00000000-0000-0000-0000-00000000000','2025-03-20 22:46:35',NULL,NULL,'/api//v1/StockEntry/ById/411a8d43-1278-4b9a-b9e1-e54a830120f5','::1','ENOENT: no such file or directory, stat \'D:\\Gokul\\Projects\\AltiusNxt-Task\\BackEnd\\dist\\client\\index.html\'','No User'),('c763d97a-eed8-42a4-96fd-7a1db5e2d452',1,'00000000-0000-0000-0000-00000000000','2025-03-20 22:21:58',NULL,NULL,'/api/v1/Inward/List','::1','ENOENT: no such file or directory, stat \'D:\\Gokul\\Projects\\AltiusNxt-Task\\BackEnd\\dist\\client\\index.html\'','No User'),('c8d0f52a-af72-4499-8cfe-38bcf54184bb',1,'00000000-0000-0000-0000-00000000000','2025-03-21 12:20:14',NULL,NULL,'/api/v1/Dashboard/update-stock-cache','::1','DataList is not iterable','No User'),('c99d0d90-59c8-430b-b1f6-e50ed388d35d',1,'00000000-0000-0000-0000-00000000000','2025-03-20 22:20:38',NULL,NULL,'/api/v1/State/List','::1','ENOENT: no such file or directory, stat \'D:\\Gokul\\Projects\\AltiusNxt-Task\\BackEnd\\dist\\client\\index.html\'','No User'),('ca32b241-1108-4223-aa11-fbd80a02e60b',1,'00000000-0000-0000-0000-00000000000','2025-03-20 22:26:47',NULL,NULL,'/api/v1/Inward/List','::1','ENOENT: no such file or directory, stat \'D:\\Gokul\\Projects\\AltiusNxt-Task\\BackEnd\\dist\\client\\index.html\'','No User'),('ca373892-ee18-493d-9293-b11fbf0532ad',1,'00000000-0000-0000-0000-00000000000','2025-03-20 22:20:36',NULL,NULL,'/api/v1/State/List','::1','ENOENT: no such file or directory, stat \'D:\\Gokul\\Projects\\AltiusNxt-Task\\BackEnd\\dist\\client\\index.html\'','No User'),('ca505e61-9ce3-475a-84c1-5edc7886fe02',1,'00000000-0000-0000-0000-00000000000','2025-03-20 16:33:42',NULL,NULL,'/api/UserList','::1','ENOENT: no such file or directory, stat \'D:\\Gokul\\Projects\\AltiusNxt-Task\\BackEnd\\dist\\client\\index.html\'','No User'),('cbc524ff-d8a0-455d-9317-5a02b6b31c8f',1,'00000000-0000-0000-0000-00000000000','2025-03-20 22:20:35',NULL,NULL,'/api/v1/State/List','::1','ENOENT: no such file or directory, stat \'D:\\Gokul\\Projects\\AltiusNxt-Task\\BackEnd\\dist\\client\\index.html\'','No User'),('cc53ee62-30ae-4c74-a907-dec87a110b51',1,'00000000-0000-0000-0000-00000000000','2025-03-20 16:59:25',NULL,NULL,'/api/v1/User/ById/58bbf2eb-4d64-4edb-b392-0617426849fa/58bbf2eb-4d64-4edb-b392-0617426849fa','::1','ENOENT: no such file or directory, stat \'D:\\Gokul\\Projects\\AltiusNxt-Task\\BackEnd\\dist\\client\\index.html\'','No User'),('ccec0287-d909-4045-9af5-18b8104deef6',1,'00000000-0000-0000-0000-00000000000','2025-03-20 22:22:13',NULL,NULL,'/api/v1/State/List','::1','ENOENT: no such file or directory, stat \'D:\\Gokul\\Projects\\AltiusNxt-Task\\BackEnd\\dist\\client\\index.html\'','No User'),('ce59a536-4cb3-4a6d-8b46-07cb2ed5c4ec',1,'e5dc800f-3d26-4b6c-8918-aadf16799578','2025-03-20 17:33:30',NULL,NULL,'/api/v1/User/Update/58bbf2eb-4d64-4edb-b392-0617426849fa','::1','User role required\nPassword required','admin@user.com'),('ceabc893-6ffc-4b9e-83e2-222b1fc6aaae',1,'00000000-0000-0000-0000-00000000000','2025-03-20 16:49:33',NULL,NULL,'/api/UserRoleList','::1','ENOENT: no such file or directory, stat \'D:\\Gokul\\Projects\\AltiusNxt-Task\\BackEnd\\dist\\client\\index.html\'','No User'),('cef71ef5-8e41-4d78-a1a7-1d91e7b848f7',1,'00000000-0000-0000-0000-00000000000','2025-03-20 22:23:35',NULL,NULL,'/api/v1/State/List','::1','ENOENT: no such file or directory, stat \'D:\\Gokul\\Projects\\AltiusNxt-Task\\BackEnd\\dist\\client\\index.html\'','No User'),('d1504e48-6a89-4c7c-a475-d2023544d7cf',1,'00000000-0000-0000-0000-00000000000','2025-03-20 21:42:20',NULL,NULL,'/api/v1/Auth/Login','::1','Invalid email id','No User'),('d39131bb-6097-4867-8121-5b22ef958d45',1,'00000000-0000-0000-0000-00000000000','2025-03-20 16:33:58',NULL,NULL,'/api/UserList','::1','ENOENT: no such file or directory, stat \'D:\\Gokul\\Projects\\AltiusNxt-Task\\BackEnd\\dist\\client\\index.html\'','No User'),('d68480f1-2592-4723-80cb-6b8215b68bf4',1,'e5dc800f-3d26-4b6c-8918-aadf16799578','2025-03-20 22:35:04',NULL,NULL,'/api/v1/StockEntry/Insert','::1','Invalid stock entry type','admin@user.com'),('d6a6ad6c-20f1-41fb-b59e-2a38e7098a52',1,'e5dc800f-3d26-4b6c-8918-aadf16799578','2025-03-20 17:34:09',NULL,NULL,'/api/v1/User/Update/58bbf2eb-4d64-4edb-b392-0617426849fa','::1','User role required','admin@user.com'),('d8307e39-9f28-468e-8a29-01ea13955458',1,'e5dc800f-3d26-4b6c-8918-aadf16799578','2025-03-20 23:36:29',NULL,NULL,'/api/v1/UserRole/Delete/8441a8ea-3f8c-400b-ba26-f2dcd49d7fee','::1','Not found','admin@user.com'),('d9397e91-d4c8-4300-864f-571433e8ee9a',1,'00000000-0000-0000-0000-00000000000','2025-03-20 22:34:17',NULL,NULL,'/api/v1/Inward/List','::1','ENOENT: no such file or directory, stat \'D:\\Gokul\\Projects\\AltiusNxt-Task\\BackEnd\\dist\\client\\index.html\'','No User'),('d9a0a9d6-21d3-4a46-9598-c823d73f5dba',1,'00000000-0000-0000-0000-00000000000','2025-03-20 22:02:15',NULL,NULL,'/api/v1/Inward/List','::1','ENOENT: no such file or directory, stat \'D:\\Gokul\\Projects\\AltiusNxt-Task\\BackEnd\\dist\\client\\index.html\'','No User'),('da0c46ff-0c84-436f-bf9d-44bae1417417',1,'00000000-0000-0000-0000-00000000000','2025-03-20 16:33:49',NULL,NULL,'/api/UserList','::1','ENOENT: no such file or directory, stat \'D:\\Gokul\\Projects\\AltiusNxt-Task\\BackEnd\\dist\\client\\index.html\'','No User'),('dc796a8c-0deb-46d0-8c7b-055cc06099ae',1,'00000000-0000-0000-0000-00000000000','2025-03-20 23:00:55',NULL,NULL,'/api//v1/StockEntry/ById/411a8d43-1278-4b9a-b9e1-e54a830120f5','::1','ENOENT: no such file or directory, stat \'D:\\Gokul\\Projects\\AltiusNxt-Task\\BackEnd\\dist\\client\\index.html\'','No User'),('dcc1ee0c-f06f-4ba1-a846-ef11f48ab35d',1,'e5dc800f-3d26-4b6c-8918-aadf16799578','2025-03-20 19:02:33',NULL,NULL,'/api/v1/Product/Delete/c5fe8797-f894-4ba6-bbdd-aa9d395367e7','::1','Cannot delete or update a parent row: a foreign key constraint fails (`product_inventory`.`stock_entry`, CONSTRAINT `FK_676feac31767bd257e146d3adb5` FOREIGN KEY (`product_id`) REFERENCES `product` (`id`) ON DELETE RESTRICT)','admin@user.com'),('dec6c29f-4ae4-400c-9ebd-ffb3acd3c0c1',1,'00000000-0000-0000-0000-00000000000','2025-03-20 23:10:41',NULL,NULL,'/api/v1/StockEntry/List','::1','ENOENT: no such file or directory, stat \'D:\\Gokul\\Projects\\AltiusNxt-Task\\BackEnd\\dist\\client\\index.html\'','No User'),('e020ec80-79a1-40d1-b0fb-5a0e0a26e5d8',1,'00000000-0000-0000-0000-00000000000','2025-03-20 22:37:18',NULL,NULL,'/api/v1/Inward/List','::1','ENOENT: no such file or directory, stat \'D:\\Gokul\\Projects\\AltiusNxt-Task\\BackEnd\\dist\\client\\index.html\'','No User'),('e11ff3fb-b662-4b75-9cb8-049f83c25669',1,'00000000-0000-0000-0000-00000000000','2025-03-20 16:21:19',NULL,NULL,'/api/UserList','::1','ENOENT: no such file or directory, stat \'D:\\Gokul\\Projects\\AltiusNxt-Task\\BackEnd\\dist\\client\\index.html\'','No User'),('e1e94aac-416e-4e50-9123-b07aee531cb6',1,'00000000-0000-0000-0000-00000000000','2025-03-21 00:18:27',NULL,NULL,'/api/v1/Auth/ClearAllCache','::1','ERR wrong number of arguments for \'del\' command','No User'),('e9cb1fbe-c5db-4749-a578-b30595b32f9e',1,'00000000-0000-0000-0000-00000000000','2025-03-20 23:57:58',NULL,NULL,'/api//v1/ProductCategory/ById/74dbe701-80b9-4222-b1e9-45214c5540ca','::1','ENOENT: no such file or directory, stat \'D:\\Gokul\\Projects\\AltiusNxt-Task\\BackEnd\\dist\\client\\index.html\'','No User'),('eaa67536-b0fc-4c2a-a8dd-3dd4fc96abf4',1,'00000000-0000-0000-0000-00000000000','2025-03-20 22:20:35',NULL,NULL,'/api/v1/State/List','::1','ENOENT: no such file or directory, stat \'D:\\Gokul\\Projects\\AltiusNxt-Task\\BackEnd\\dist\\client\\index.html\'','No User'),('ec558277-5ed8-4e05-9a46-d7263a03574b',1,'00000000-0000-0000-0000-00000000000','2025-03-20 22:12:02',NULL,NULL,'/api/v1/State/List','::1','ENOENT: no such file or directory, stat \'D:\\Gokul\\Projects\\AltiusNxt-Task\\BackEnd\\dist\\client\\index.html\'','No User'),('ed69581a-7cee-426b-b265-db46adbc1c74',1,'00000000-0000-0000-0000-00000000000','2025-03-20 22:23:14',NULL,NULL,'/api/v1/Inward/List','::1','ENOENT: no such file or directory, stat \'D:\\Gokul\\Projects\\AltiusNxt-Task\\BackEnd\\dist\\client\\index.html\'','No User'),('ef6597ea-bcfc-461b-9a22-1b19d6f2fbf0',1,'e5dc800f-3d26-4b6c-8918-aadf16799578','2025-03-19 22:29:17',NULL,NULL,'/api/v1/ProductCategory/Update/272d6928-6b28-4965-ab82-8cabe1940908','::1','Product Category not found','admin@user.com'),('f30001b2-8fa2-4ba2-9aa7-909765e2c36a',1,'00000000-0000-0000-0000-00000000000','2025-03-20 16:21:52',NULL,NULL,'/api/UserList','::1','ENOENT: no such file or directory, stat \'D:\\Gokul\\Projects\\AltiusNxt-Task\\BackEnd\\dist\\client\\index.html\'','No User'),('f31d0296-07f4-48e0-a0e5-33be9c0d36ae',1,'00000000-0000-0000-0000-00000000000','2025-03-20 22:13:05',NULL,NULL,'/api/v1/State/List','::1','ENOENT: no such file or directory, stat \'D:\\Gokul\\Projects\\AltiusNxt-Task\\BackEnd\\dist\\client\\index.html\'','No User'),('f4322ae1-8ff6-4d26-90e6-639411b719cb',1,'00000000-0000-0000-0000-00000000000','2025-03-20 23:43:04',NULL,NULL,'/api/v1/User/Delete/58bbf2eb-4d64-4edb-b392-0617426849fa','::1','Cannot DELETE /api/v1/User/Delete/58bbf2eb-4d64-4edb-b392-0617426849fa','No User'),('f4712455-1968-4ce6-b3e1-17e7d355afc7',1,'00000000-0000-0000-0000-00000000000','2025-03-20 22:20:36',NULL,NULL,'/api/v1/State/List','::1','ENOENT: no such file or directory, stat \'D:\\Gokul\\Projects\\AltiusNxt-Task\\BackEnd\\dist\\client\\index.html\'','No User'),('f4b02812-a8ff-437a-bd00-c1190505316e',1,'00000000-0000-0000-0000-00000000000','2025-03-20 16:34:55',NULL,NULL,'/api/UserList','::1','ENOENT: no such file or directory, stat \'D:\\Gokul\\Projects\\AltiusNxt-Task\\BackEnd\\dist\\client\\index.html\'','No User'),('f5a0d8f8-c0a4-4679-bd2d-08839935e1fa',1,'00000000-0000-0000-0000-00000000000','2025-03-20 16:39:55',NULL,NULL,'/api/UserList','::1','ENOENT: no such file or directory, stat \'D:\\Gokul\\Projects\\AltiusNxt-Task\\BackEnd\\dist\\client\\index.html\'','No User'),('f7e3016b-0185-4983-a772-0f853cb1ac8b',1,'00000000-0000-0000-0000-00000000000','2025-03-20 21:41:54',NULL,NULL,'/api/v1/Auth/Login','::1','Invalid email id','No User'),('f823beac-e451-4294-a3fa-c666860d8f23',1,'00000000-0000-0000-0000-00000000000','2025-03-20 22:20:38',NULL,NULL,'/api/v1/State/List','::1','ENOENT: no such file or directory, stat \'D:\\Gokul\\Projects\\AltiusNxt-Task\\BackEnd\\dist\\client\\index.html\'','No User'),('f90bd597-6008-4fee-be1c-cc35466e81c1',1,'00000000-0000-0000-0000-00000000000','2025-03-20 22:43:06',NULL,NULL,'/api//v1/StockEntry/ById/411a8d43-1278-4b9a-b9e1-e54a830120f5','::1','ENOENT: no such file or directory, stat \'D:\\Gokul\\Projects\\AltiusNxt-Task\\BackEnd\\dist\\client\\index.html\'','No User'),('fa4741ba-b9fd-4746-8489-992ab563de22',1,'00000000-0000-0000-0000-00000000000','2025-03-20 22:23:46',NULL,NULL,'/api/v1/State/List','::1','ENOENT: no such file or directory, stat \'D:\\Gokul\\Projects\\AltiusNxt-Task\\BackEnd\\dist\\client\\index.html\'','No User'),('fc2f8593-2fdc-4988-9a54-9f80c4e74675',1,'00000000-0000-0000-0000-00000000000','2025-03-21 13:45:55',NULL,NULL,'/api/v1/Dashboard/category-wise-stock','::1','Unauthorized','No User'),('fcedfdee-19cb-4163-a4c0-53c484daff02',1,'00000000-0000-0000-0000-00000000000','2025-03-20 22:38:14',NULL,NULL,'/api/v1/Inward/List','::1','ENOENT: no such file or directory, stat \'D:\\Gokul\\Projects\\AltiusNxt-Task\\BackEnd\\dist\\client\\index.html\'','No User'),('ff70dabf-9ca3-48a9-8f11-ceb3d83db108',1,'00000000-0000-0000-0000-00000000000','2025-03-21 12:44:59',NULL,NULL,'/api/v1/Auth/ClearAllCache','::1','ERR wrong number of arguments for \'del\' command','No User'),('ff8f41b1-8063-4b42-94ea-12d23ad0fcad',1,'00000000-0000-0000-0000-00000000000','2025-03-20 22:22:00',NULL,NULL,'/api/v1/State/List','::1','ENOENT: no such file or directory, stat \'D:\\Gokul\\Projects\\AltiusNxt-Task\\BackEnd\\dist\\client\\index.html\'','No User');
/*!40000 ALTER TABLE `error_log` ENABLE KEYS */;
UNLOCK TABLES;

--
-- Table structure for table `product`
--

DROP TABLE IF EXISTS `product`;
/*!40101 SET @saved_cs_client     = @@character_set_client */;
/*!50503 SET character_set_client = utf8mb4 */;
CREATE TABLE `product` (
  `id` varchar(36) NOT NULL,
  `status` tinyint NOT NULL DEFAULT '1',
  `created_by_id` varchar(255) NOT NULL,
  `created_on` datetime NOT NULL,
  `updated_by_id` varchar(255) DEFAULT NULL,
  `updated_on` datetime DEFAULT NULL,
  `name` varchar(255) NOT NULL,
  `stock_quantity` decimal(10,2) NOT NULL DEFAULT '0.00',
  `min_qty` decimal(10,2) NOT NULL DEFAULT '0.00',
  `product_category_id` varchar(255) NOT NULL,
  PRIMARY KEY (`id`),
  KEY `IDX_bebc9158e480b949565b4dc7a8` (`id`),
  KEY `IDX_c385a97195418da0bd3a08cece` (`product_category_id`),
  CONSTRAINT `FK_c385a97195418da0bd3a08ceced` FOREIGN KEY (`product_category_id`) REFERENCES `product_category` (`id`) ON DELETE RESTRICT
) ENGINE=InnoDB DEFAULT CHARSET=utf8mb4 COLLATE=utf8mb4_0900_ai_ci;
/*!40101 SET character_set_client = @saved_cs_client */;

--
-- Dumping data for table `product`
--

LOCK TABLES `product` WRITE;
/*!40000 ALTER TABLE `product` DISABLE KEYS */;
INSERT INTO `product` VALUES ('0a4a01b0-73e7-448e-83b7-0a42a8e40741',1,'e5dc800f-3d26-4b6c-8918-aadf16799578','2025-03-21 15:12:54',NULL,NULL,'Realme 6i',70.00,10.00,'e4b3c014-1649-4c0c-ba5b-c8ef9f107f5f'),('d28fbe13-1d28-46a1-a8c5-d54cedaed0cb',1,'e5dc800f-3d26-4b6c-8918-aadf16799578','2025-03-21 15:13:11',NULL,NULL,'Redmi 15',5.00,10.00,'e4b3c014-1649-4c0c-ba5b-c8ef9f107f5f'),('dba14c3a-f0b8-4768-b1cf-bb153b9b093a',1,'e5dc800f-3d26-4b6c-8918-aadf16799578','2025-03-21 15:13:23',NULL,NULL,'Dell 5025',2.00,5.00,'e7c13eb1-8d7e-4628-9986-bb4267df10bd'),('dc4796f1-80d8-480e-9cb5-187ca08002be',1,'e5dc800f-3d26-4b6c-8918-aadf16799578','2025-03-21 15:13:42',NULL,NULL,'Lenovo',10.00,5.00,'e7c13eb1-8d7e-4628-9986-bb4267df10bd');
/*!40000 ALTER TABLE `product` ENABLE KEYS */;
UNLOCK TABLES;

--
-- Table structure for table `product_category`
--

DROP TABLE IF EXISTS `product_category`;
/*!40101 SET @saved_cs_client     = @@character_set_client */;
/*!50503 SET character_set_client = utf8mb4 */;
CREATE TABLE `product_category` (
  `id` varchar(36) NOT NULL,
  `status` tinyint NOT NULL DEFAULT '1',
  `created_by_id` varchar(255) NOT NULL,
  `created_on` datetime NOT NULL,
  `updated_by_id` varchar(255) DEFAULT NULL,
  `updated_on` datetime DEFAULT NULL,
  `name` varchar(255) NOT NULL,
  PRIMARY KEY (`id`),
  UNIQUE KEY `IDX_96152d453aaea425b5afde3ae9` (`name`),
  KEY `IDX_0dce9bc93c2d2c399982d04bef` (`id`)
) ENGINE=InnoDB DEFAULT CHARSET=utf8mb4 COLLATE=utf8mb4_0900_ai_ci;
/*!40101 SET character_set_client = @saved_cs_client */;

--
-- Dumping data for table `product_category`
--

LOCK TABLES `product_category` WRITE;
/*!40000 ALTER TABLE `product_category` DISABLE KEYS */;
INSERT INTO `product_category` VALUES ('e4b3c014-1649-4c0c-ba5b-c8ef9f107f5f',1,'e5dc800f-3d26-4b6c-8918-aadf16799578','2025-03-21 15:12:20',NULL,NULL,'Mobile'),('e7c13eb1-8d7e-4628-9986-bb4267df10bd',1,'e5dc800f-3d26-4b6c-8918-aadf16799578','2025-03-21 15:12:27',NULL,NULL,'Loptop');
/*!40000 ALTER TABLE `product_category` ENABLE KEYS */;
UNLOCK TABLES;

--
-- Table structure for table `stock_entry`
--

DROP TABLE IF EXISTS `stock_entry`;
/*!40101 SET @saved_cs_client     = @@character_set_client */;
/*!50503 SET character_set_client = utf8mb4 */;
CREATE TABLE `stock_entry` (
  `id` varchar(36) NOT NULL,
  `status` tinyint NOT NULL DEFAULT '1',
  `created_by_id` varchar(255) NOT NULL,
  `created_on` datetime NOT NULL,
  `updated_by_id` varchar(255) DEFAULT NULL,
  `updated_on` datetime DEFAULT NULL,
  `product_id` varchar(255) NOT NULL,
  `stock_entry` enum('Inward','Outward') NOT NULL,
  `quantity` decimal(10,2) NOT NULL,
  PRIMARY KEY (`id`),
  KEY `IDX_31f794b522f1d6348a526581c3` (`id`),
  KEY `FK_676feac31767bd257e146d3adb5` (`product_id`),
  CONSTRAINT `FK_676feac31767bd257e146d3adb5` FOREIGN KEY (`product_id`) REFERENCES `product` (`id`) ON DELETE RESTRICT
) ENGINE=InnoDB DEFAULT CHARSET=utf8mb4 COLLATE=utf8mb4_0900_ai_ci;
/*!40101 SET character_set_client = @saved_cs_client */;

--
-- Dumping data for table `stock_entry`
--

LOCK TABLES `stock_entry` WRITE;
/*!40000 ALTER TABLE `stock_entry` DISABLE KEYS */;
INSERT INTO `stock_entry` VALUES ('16e61ba1-2ded-4754-b936-ef6de3b64ff4',1,'e5dc800f-3d26-4b6c-8918-aadf16799578','2025-03-21 15:14:55',NULL,NULL,'dc4796f1-80d8-480e-9cb5-187ca08002be','Outward',10.00),('27e2857c-ca7d-4b6e-abe1-f7133366f2f2',1,'e5dc800f-3d26-4b6c-8918-aadf16799578','2025-03-21 15:14:08',NULL,NULL,'dba14c3a-f0b8-4768-b1cf-bb153b9b093a','Inward',20.00),('4601ac9f-d855-4a15-86a1-23dcdd49db17',1,'e5dc800f-3d26-4b6c-8918-aadf16799578','2025-03-21 15:13:58',NULL,NULL,'d28fbe13-1d28-46a1-a8c5-d54cedaed0cb','Inward',50.00),('8aee4286-4197-4200-b55a-9d520dbea394',1,'e5dc800f-3d26-4b6c-8918-aadf16799578','2025-03-21 15:14:39',NULL,NULL,'d28fbe13-1d28-46a1-a8c5-d54cedaed0cb','Outward',45.00),('8c14efdb-7d28-4d2c-952b-72ec99f51cac',1,'e5dc800f-3d26-4b6c-8918-aadf16799578','2025-03-21 15:14:49',NULL,NULL,'dba14c3a-f0b8-4768-b1cf-bb153b9b093a','Outward',18.00),('9af0912f-fddc-4ef5-84ff-650fff1f41a7',1,'e5dc800f-3d26-4b6c-8918-aadf16799578','2025-03-21 15:14:17',NULL,NULL,'dc4796f1-80d8-480e-9cb5-187ca08002be','Inward',20.00),('abe12a58-7799-4e80-8e7b-6e88cd3ad1a2',1,'e5dc800f-3d26-4b6c-8918-aadf16799578','2025-03-21 15:13:52',NULL,NULL,'0a4a01b0-73e7-448e-83b7-0a42a8e40741','Inward',100.00),('fcff8ba3-9d97-4d08-b5b9-432e2854141f',1,'e5dc800f-3d26-4b6c-8918-aadf16799578','2025-03-21 15:14:28',NULL,NULL,'0a4a01b0-73e7-448e-83b7-0a42a8e40741','Outward',30.00);
/*!40000 ALTER TABLE `stock_entry` ENABLE KEYS */;
UNLOCK TABLES;

--
-- Table structure for table `user`
--

DROP TABLE IF EXISTS `user`;
/*!40101 SET @saved_cs_client     = @@character_set_client */;
/*!50503 SET character_set_client = utf8mb4 */;
CREATE TABLE `user` (
  `id` varchar(36) NOT NULL,
  `status` tinyint NOT NULL DEFAULT '1',
  `created_by_id` varchar(255) NOT NULL,
  `created_on` datetime NOT NULL,
  `updated_by_id` varchar(255) DEFAULT NULL,
  `updated_on` datetime DEFAULT NULL,
  `user_role_id` varchar(255) NOT NULL,
  `first_name` text,
  `last_name` text,
  `email` varchar(255) NOT NULL,
  `password` mediumtext NOT NULL,
  `mobile` varchar(255) DEFAULT NULL,
  `reset_otp` bigint DEFAULT NULL,
  PRIMARY KEY (`id`),
  UNIQUE KEY `IDX_e12875dfb3b1d92d7d7c5377e2` (`email`),
  KEY `IDX_cace4a159ff9f2512dd4237376` (`id`),
  KEY `IDX_078f27c5e6a46cb1ab1b9fd463` (`user_role_id`),
  CONSTRAINT `FK_078f27c5e6a46cb1ab1b9fd463b` FOREIGN KEY (`user_role_id`) REFERENCES `user_role` (`id`) ON DELETE RESTRICT
) ENGINE=InnoDB DEFAULT CHARSET=utf8mb4 COLLATE=utf8mb4_0900_ai_ci;
/*!40101 SET character_set_client = @saved_cs_client */;

--
-- Dumping data for table `user`
--

LOCK TABLES `user` WRITE;
/*!40000 ALTER TABLE `user` DISABLE KEYS */;
INSERT INTO `user` VALUES ('58bbf2eb-4d64-4edb-b392-0617426849fa',1,'e5dc800f-3d26-4b6c-8918-aadf16799578','2025-03-20 16:54:06','e5dc800f-3d26-4b6c-8918-aadf16799578','2025-03-20 17:42:12','ff902f6a-9511-437d-a445-56974fc9d049','Gokul','K','gokulashankaran1@gmail.com','53616c7465645f5fa5be499f70b0dfbade6c684a8fff14454f39dc7e78b76e90','9384293940',NULL),('e5dc800f-3d26-4b6c-8918-aadf16799578',1,'0','2025-03-19 22:21:22',NULL,NULL,'f32f9a58-1ea2-46ce-9831-0a53e444965f',NULL,NULL,'admin@user.com','53616c7465645f5fd6e2fee44002ed420bce29f73b59c0ea528bda4416246732',NULL,NULL);
/*!40000 ALTER TABLE `user` ENABLE KEYS */;
UNLOCK TABLES;

--
-- Table structure for table `user_role`
--

DROP TABLE IF EXISTS `user_role`;
/*!40101 SET @saved_cs_client     = @@character_set_client */;
/*!50503 SET character_set_client = utf8mb4 */;
CREATE TABLE `user_role` (
  `id` varchar(36) NOT NULL,
  `status` tinyint NOT NULL DEFAULT '1',
  `created_by_id` varchar(255) NOT NULL,
  `created_on` datetime NOT NULL,
  `updated_by_id` varchar(255) DEFAULT NULL,
  `updated_on` datetime DEFAULT NULL,
  `name` varchar(255) NOT NULL,
  `code` varchar(255) NOT NULL,
  `landing_page` varchar(255) DEFAULT NULL,
  `permission` json DEFAULT NULL,
  PRIMARY KEY (`id`),
  UNIQUE KEY `IDX_31f96f2013b7ac833d7682bf02` (`name`),
  UNIQUE KEY `IDX_00c232124015d4998bdc603631` (`code`),
  KEY `IDX_fb2e442d14add3cefbdf33c456` (`id`)
) ENGINE=InnoDB DEFAULT CHARSET=utf8mb4 COLLATE=utf8mb4_0900_ai_ci;
/*!40101 SET character_set_client = @saved_cs_client */;

--
-- Dumping data for table `user_role`
--

LOCK TABLES `user_role` WRITE;
/*!40000 ALTER TABLE `user_role` DISABLE KEYS */;
INSERT INTO `user_role` VALUES ('f32f9a58-1ea2-46ce-9831-0a53e444965f',1,'0','2025-03-19 22:21:22',NULL,NULL,'Super Admin','',NULL,NULL),('ff902f6a-9511-437d-a445-56974fc9d049',1,'e5dc800f-3d26-4b6c-8918-aadf16799578','2025-03-20 16:51:44','e5dc800f-3d26-4b6c-8918-aadf16799578','2025-03-20 17:42:36','Developer','D',NULL,NULL);
/*!40000 ALTER TABLE `user_role` ENABLE KEYS */;
UNLOCK TABLES;

--
-- Dumping routines for database 'product_inventory'
--
/*!40103 SET TIME_ZONE=@OLD_TIME_ZONE */;

/*!40101 SET SQL_MODE=@OLD_SQL_MODE */;
/*!40014 SET FOREIGN_KEY_CHECKS=@OLD_FOREIGN_KEY_CHECKS */;
/*!40014 SET UNIQUE_CHECKS=@OLD_UNIQUE_CHECKS */;
/*!40101 SET CHARACTER_SET_CLIENT=@OLD_CHARACTER_SET_CLIENT */;
/*!40101 SET CHARACTER_SET_RESULTS=@OLD_CHARACTER_SET_RESULTS */;
/*!40101 SET COLLATION_CONNECTION=@OLD_COLLATION_CONNECTION */;
/*!40111 SET SQL_NOTES=@OLD_SQL_NOTES */;

-- Dump completed on 2025-03-21 15:21:13
